{"cameraMode":{"drawMode":0,"name":"Shaded","section":"Shading Mode"},"sceneLighting":false,"audioPlay":false,"sceneViewState":{"m_AlwaysRefresh":false,"showFog":true,"showSkybox":false,"showFlares":true,"showImageEffects":true,"showParticleSystems":true,"showVisualEffectGraphs":true,"m_FxEnabled":true},"in2DMode":false,"pivot":{"x":1.065500020980835,"y":0.07859999686479569,"z":-0.633400022983551},"rotation":{"x":-0.06224396824836731,"y":0.9368809461593628,"z":-0.26353827118873598,"w":-0.22123581171035767},"size":0.008029536344110966,"orthographic":false}